time,point
1576908779.9037411, [15,  77,  2192] 
1576908779.934437, [45,  68,  2333] 
1576908779.964931, [101,  56,  2865] 
1576908779.9936242, [153,  50,  2689] 
1576908780.0194657, [201,  50,  2799] 
1576908780.0490167, [225,  51,  2749] 
1576908780.07946, [270,  60,  2599] 
1576908780.1118937, [312,  73,  2701] 
1576908780.1505406, [351,  89,  2689] 
1576908780.1814961, [391,  110,  2545] 
1576908780.2122893, [429,  136,  2588] 
1576908780.2446938, [466,  166,  1025] 
